mood,mean_intensity,mean_timbre,mean_pitch,mean_rhythm
happy,0.2055,0.4418,967.47,209.01
mellow,0.107,0.15815,570.07,86.98
energetic,0.4564,0.319,381.65,163.14
sad,0.2245,0.1572,95.654,137.23
angry,0.2083,0.3409,182.69,149.63
calm,0.0658,0.1049,383.49,72.23
emotional,0.27075,0.29185,353.797,157.465
upbeat,0.4564,0.319,381.65,163.14
nostalgic,0.1482,0.2114,756.65,101.73